[{"jid":"6282268574079@s.whatsapp.net","xp":1506,"level":1},{"jid":"6283854962462@s.whatsapp.net","xp":504,"level":1},{"jid":"6281257286364@s.whatsapp.net","xp":1012,"level":1},{"jid":"6285691349735@s.whatsapp.net","xp":1003,"level":1},{"jid":"628995963452@s.whatsapp.net","xp":510,"level":1},{"jid":"6289653220647@s.whatsapp.net","xp":502,"level":1},{"jid":"6281328512746@s.whatsapp.net","xp":4046,"level":1},{"jid":"628165466368@s.whatsapp.net","xp":6000074169,"level":597},{"jid":"6281330270822@s.whatsapp.net","xp":7068,"level":2},{"jid":"6282259540677@s.whatsapp.net","xp":507,"level":1},{"jid":"6283131369010@s.whatsapp.net","xp":2013,"level":1},{"jid":"6285850760198@s.whatsapp.net","xp":510,"level":1},{"jid":"6281331005552@s.whatsapp.net","xp":5033,"level":2},{"jid":"6288213626375@s.whatsapp.net","xp":506,"level":1},{"jid":"6282126117189@s.whatsapp.net","xp":1517,"level":1},{"jid":"6285751858128@s.whatsapp.net","xp":1006,"level":1},{"jid":"6285892910131@s.whatsapp.net","xp":16126,"level":3},{"jid":"6281289544604@s.whatsapp.net","xp":7072,"level":2},{"jid":"6285702243498@s.whatsapp.net","xp":1010,"level":1},{"jid":"6282284008045@s.whatsapp.net","xp":1511,"level":1},{"jid":"6285752647262@s.whatsapp.net","xp":1011,"level":1},{"jid":"6285850527572@s.whatsapp.net","xp":504,"level":1},{"jid":"6289665440436@s.whatsapp.net","xp":1011,"level":1},{"jid":"62895415001067@s.whatsapp.net","xp":509,"level":1},{"jid":"62823864778551@s.whatsapp.net","xp":1009,"level":1},{"jid":"6281779499217@s.whatsapp.net","xp":504,"level":1},{"jid":"6283143827998@s.whatsapp.net","xp":3020,"level":1},{"jid":"6282297358232@s.whatsapp.net","xp":505,"level":1},{"jid":"6281380630932@s.whatsapp.net","xp":4022,"level":1},{"jid":"6288705834498@s.whatsapp.net","xp":8579,"level":2},{"jid":"6285346319139@s.whatsapp.net","xp":1522,"level":1},{"jid":"6281287215843@s.whatsapp.net","xp":24727,"level":3},{"jid":"6289669293424@s.whatsapp.net","xp":35830,"level":4},{"jid":"6283803302331@s.whatsapp.net","xp":507,"level":1},{"jid":"6281315749016@s.whatsapp.net","xp":17660,"level":3},{"jid":"6288289258620@s.whatsapp.net","xp":14623,"level":2},{"jid":"6288271925933@s.whatsapp.net","xp":23714,"level":3},{"jid":"6285379028726@s.whatsapp.net","xp":16126,"level":3},{"jid":"6285849079288@s.whatsapp.net","xp":5551,"level":2},{"jid":"6281345714199@s.whatsapp.net","xp":1517,"level":1},{"jid":"6287858322309@s.whatsapp.net","xp":32235,"level":3},{"jid":"6285157584430@s.whatsapp.net","xp":13668,"level":2},{"jid":"6283850122734@s.whatsapp.net","xp":8082,"level":2},{"jid":"6289623500206@s.whatsapp.net","xp":12636,"level":2},{"jid":"601128352060@s.whatsapp.net","xp":28737,"level":3},{"jid":"601121021074@s.whatsapp.net","xp":2018,"level":1},{"jid":"6285736983641@s.whatsapp.net","xp":1515,"level":1},{"jid":"6283846401315@s.whatsapp.net","xp":1009,"level":1},{"jid":"6289526828391@s.whatsapp.net","xp":13118,"level":2},{"jid":"60137619166@s.whatsapp.net","xp":14122,"level":2},{"jid":"17159720211@s.whatsapp.net","xp":9600,"level":2},{"jid":"6282392166099@s.whatsapp.net","xp":17153,"level":3},{"jid":"6285788193529@s.whatsapp.net","xp":6565,"level":2},{"jid":"6287850114203@s.whatsapp.net","xp":13631,"level":2},{"jid":"6282250514073@s.whatsapp.net","xp":1508,"level":1},{"jid":"6283136968410@s.whatsapp.net","xp":6553,"level":2},{"jid":"6287768985243@s.whatsapp.net","xp":1514,"level":1},{"jid":"601116939897@s.whatsapp.net","xp":2019,"level":1},{"jid":"6285942854704@s.whatsapp.net","xp":2026,"level":1},{"jid":"6288228562052@s.whatsapp.net","xp":2029,"level":1},{"jid":"6285951459447@s.whatsapp.net","xp":1522,"level":1},{"jid":"6288287451130@s.whatsapp.net","xp":17157,"level":3},{"jid":"6285321869553@s.whatsapp.net","xp":504,"level":1},{"jid":"6281222388805@s.whatsapp.net","xp":504,"level":1},{"jid":"6285218527796@s.whatsapp.net","xp":3035,"level":1},{"jid":"6288224969304@s.whatsapp.net","xp":2024,"level":1},{"jid":"60177272745@s.whatsapp.net","xp":3525,"level":1},{"jid":"6285935379225@s.whatsapp.net","xp":4540,"level":1},{"jid":"6288704673674@s.whatsapp.net","xp":36321,"level":4},{"jid":"6289523731135@s.whatsapp.net","xp":4031,"level":1},{"jid":"601125671754@s.whatsapp.net","xp":3030,"level":1},{"jid":"62895623482288@s.whatsapp.net","xp":9082,"level":2},{"jid":"60195042951@s.whatsapp.net","xp":10612,"level":2},{"jid":"5512996678271@s.whatsapp.net","xp":509,"level":1},{"jid":"601116176417@s.whatsapp.net","xp":1012,"level":1},{"jid":"6285728906836@s.whatsapp.net","xp":3526,"level":1},{"jid":"6281314969811@s.whatsapp.net","xp":3027,"level":1},{"jid":"6281216374929@s.whatsapp.net","xp":509,"level":1},{"jid":"6281217050472@s.whatsapp.net","xp":5031,"level":2},{"jid":"6282389514082@s.whatsapp.net","xp":5557,"level":2},{"jid":"6285742000421@s.whatsapp.net","xp":8584,"level":2},{"jid":"6285216408892@s.whatsapp.net","xp":1017,"level":1},{"jid":"994404663888@s.whatsapp.net","xp":5052,"level":2},{"jid":"60168347521@s.whatsapp.net","xp":1014,"level":1},{"jid":"6287771120494@s.whatsapp.net","xp":1007,"level":1},{"jid":"6285797808131@s.whatsapp.net","xp":3541,"level":1},{"jid":"6285725272047@s.whatsapp.net","xp":7053,"level":2},{"jid":"6281224741058@s.whatsapp.net","xp":1011,"level":1},{"jid":"628561319757@s.whatsapp.net","xp":19682,"level":3},{"jid":"6285854933729@s.whatsapp.net","xp":1522,"level":1},{"jid":"6283846244689@s.whatsapp.net","xp":15126,"level":3},{"jid":"62895339112834@s.whatsapp.net","xp":1511,"level":1},{"jid":"601139073723@s.whatsapp.net","xp":1517,"level":1},{"jid":"6281222429730@s.whatsapp.net","xp":29740,"level":3},{"jid":"6285641531470@s.whatsapp.net","xp":1009,"level":1},{"jid":"6285395802519@s.whatsapp.net","xp":1009,"level":1},{"jid":"62857303430648@s.whatsapp.net","xp":2531,"level":1},{"jid":"6288225783724@s.whatsapp.net","xp":4037,"level":1},{"jid":"6287726895114@s.whatsapp.net","xp":7559,"level":2},{"jid":"60135226343@s.whatsapp.net","xp":1515,"level":1},{"jid":"601136343640@s.whatsapp.net","xp":2528,"level":1},{"jid":"6285658650675@s.whatsapp.net","xp":1006,"level":1},{"jid":"6285763190221@s.whatsapp.net","xp":509,"level":1},{"jid":"60164745393@s.whatsapp.net","xp":1012,"level":1},{"jid":"60176005886@s.whatsapp.net","xp":1514,"level":1},{"jid":"601113317351@s.whatsapp.net","xp":1514,"level":1},{"jid":"6281354128267@s.whatsapp.net","xp":510,"level":1},{"jid":"6281293523757@s.whatsapp.net","xp":3527,"level":1},{"jid":"6281384837338@s.whatsapp.net","xp":2521,"level":1},{"jid":"60134902865@s.whatsapp.net","xp":1007,"level":1},{"jid":"6285691775626@s.whatsapp.net","xp":2519,"level":1},{"jid":"6283187496159@s.whatsapp.net","xp":4556,"level":1},{"jid":"6289657463023@s.whatsapp.net","xp":507,"level":1},{"jid":"62895345860335@s.whatsapp.net","xp":9557,"level":2},{"jid":"6285755846460@s.whatsapp.net","xp":8596,"level":2},{"jid":"6283103531635@s.whatsapp.net","xp":1521,"level":1},{"jid":"6281271144506@s.whatsapp.net","xp":507,"level":1},{"jid":"6289617707250@s.whatsapp.net","xp":1008,"level":1},{"jid":"6283827422789@s.whatsapp.net","xp":2522,"level":1},{"jid":"6289506233538@s.whatsapp.net","xp":510,"level":1},{"jid":"6289509696140@s.whatsapp.net","xp":2521,"level":1},{"jid":"6282159164911@s.whatsapp.net","xp":509,"level":1},{"jid":"6281284967913@s.whatsapp.net","xp":12608,"level":2},{"jid":"60136907233@s.whatsapp.net","xp":1520,"level":1},{"jid":"62895342280585@s.whatsapp.net","xp":1012,"level":1},{"jid":"6289509991360@s.whatsapp.net","xp":5773,"level":1},{"jid":"6281317555245@s.whatsapp.net","xp":2531,"level":1},{"jid":"6282399042324@s.whatsapp.net","xp":6564,"level":2},{"jid":"6285656859992@s.whatsapp.net","xp":506,"level":1},{"jid":"6282115089860@s.whatsapp.net","xp":1011,"level":1},{"jid":"6283147434339@s.whatsapp.net","xp":1013,"level":1},{"jid":"15187572348@s.whatsapp.net","xp":2019,"level":1},{"jid":"60147560863@s.whatsapp.net","xp":1521,"level":1},{"jid":"6285730240925@s.whatsapp.net","xp":1007,"level":1},{"jid":"6285753234092@s.whatsapp.net","xp":3541,"level":1},{"jid":"60137935891@s.whatsapp.net","xp":1508,"level":1},{"jid":"6289625176924@s.whatsapp.net","xp":25198,"level":3},{"jid":"6282341339794@s.whatsapp.net","xp":8071,"level":2},{"jid":"6289625146552@s.whatsapp.net","xp":1519,"level":1},{"jid":"6281223383774@s.whatsapp.net","xp":1007,"level":1},{"jid":"6285737334284@s.whatsapp.net","xp":3540,"level":1},{"jid":"6281394711428@s.whatsapp.net","xp":1513,"level":1},{"jid":"6282280035928@s.whatsapp.net","xp":1521,"level":1},{"jid":"6281511350987@s.whatsapp.net","xp":5550,"level":2},{"jid":"6283822805152@s.whatsapp.net","xp":1013,"level":1},{"jid":"6287819702781@s.whatsapp.net","xp":501,"level":1},{"jid":"6283806720763@s.whatsapp.net","xp":508,"level":1},{"jid":"6283140269734@s.whatsapp.net","xp":2530,"level":1},{"jid":"6285323415855@s.whatsapp.net","xp":2528,"level":1},{"jid":"62895803211375@s.whatsapp.net","xp":16138,"level":3},{"jid":"6285872005815@s.whatsapp.net","xp":2523,"level":1},{"jid":"6288287488410@s.whatsapp.net","xp":3523,"level":1},{"jid":"6281214907084@s.whatsapp.net","xp":1515,"level":1},{"jid":"6283119517877@s.whatsapp.net","xp":509,"level":1},{"jid":"6287780779865@s.whatsapp.net","xp":2522,"level":1},{"jid":"6283894665267@s.whatsapp.net","xp":3534,"level":1},{"jid":"62895337281415@s.whatsapp.net","xp":502,"level":1},{"jid":"6281389925194@s.whatsapp.net","xp":1006,"level":1},{"jid":"6285721690128@s.whatsapp.net","xp":508,"level":1},{"jid":"6288290528041@s.whatsapp.net","xp":510,"level":1},{"jid":"6285241840225@s.whatsapp.net","xp":1010,"level":1},{"jid":"6281389687646@s.whatsapp.net","xp":2019,"level":1},{"jid":"6285788940642@s.whatsapp.net","xp":1009,"level":1},{"jid":"553798704406@s.whatsapp.net","xp":29749,"level":3},{"jid":"6282384421495@s.whatsapp.net","xp":504,"level":1},{"jid":"6285257114177@s.whatsapp.net","xp":509,"level":1},{"jid":"5511993439492@s.whatsapp.net","xp":31776,"level":3},{"jid":"6285247027985@s.whatsapp.net","xp":3030,"level":1},{"jid":"6285641607480@s.whatsapp.net","xp":510,"level":1},{"jid":"6282291477806@s.whatsapp.net","xp":1521,"level":1},{"jid":"6285788052366@s.whatsapp.net","xp":1012,"level":1},{"jid":"6282286693594@s.whatsapp.net","xp":2510,"level":1},{"jid":"6287870936756@s.whatsapp.net","xp":505,"level":1},{"jid":"6283842372170@s.whatsapp.net","xp":510,"level":1},{"jid":"6281919352295@s.whatsapp.net","xp":2014,"level":1},{"jid":"62895702458587@s.whatsapp.net","xp":507,"level":1},{"jid":"6281272265744@s.whatsapp.net","xp":506,"level":1},{"jid":"6287861814109@s.whatsapp.net","xp":506,"level":1},{"jid":"6285693651823@s.whatsapp.net","xp":506,"level":1},{"jid":"6285156898332@s.whatsapp.net","xp":9607,"level":2},{"jid":"60194705170@s.whatsapp.net","xp":3526,"level":1},{"jid":"6281260927876@s.whatsapp.net","xp":1504,"level":1},{"jid":"6282258069145@s.whatsapp.net","xp":504,"level":1},{"jid":"6287878781877@s.whatsapp.net","xp":4550,"level":1},{"jid":"6281289584151@s.whatsapp.net","xp":2019,"level":1},{"jid":"6289668119368@s.whatsapp.net","xp":2020,"level":1},{"jid":"601124050980@s.whatsapp.net","xp":1006,"level":1},{"jid":"6281257724621@s.whatsapp.net","xp":1008,"level":1},{"jid":"6289647130415@s.whatsapp.net","xp":1007,"level":1},{"jid":"79145637134@s.whatsapp.net","xp":1509,"level":1},{"jid":"60175620720@s.whatsapp.net","xp":501,"level":1},{"jid":"6281229231479@s.whatsapp.net","xp":5054,"level":2},{"jid":"60179580187@s.whatsapp.net","xp":503,"level":1},{"jid":"6288276462600@s.whatsapp.net","xp":2021,"level":1},{"jid":"16572087338@s.whatsapp.net","xp":506,"level":1},{"jid":"6281211068536@s.whatsapp.net","xp":1509,"level":1},{"jid":"6281933279999@s.whatsapp.net","xp":510,"level":1},{"jid":"6281218317040@s.whatsapp.net","xp":1010,"level":1},{"jid":"5522981132901@s.whatsapp.net","xp":507,"level":1},{"jid":"6285708202458@s.whatsapp.net","xp":6064,"level":2},{"jid":"6289516843635@s.whatsapp.net","xp":2523,"level":1},{"jid":"6289620598785@s.whatsapp.net","xp":502,"level":1},{"jid":"6281343582019@s.whatsapp.net","xp":5046,"level":2},{"jid":"6285770269605@s.whatsapp.net","xp":2014,"level":1},{"jid":"6281247686392@s.whatsapp.net","xp":506,"level":1},{"jid":"6281575616217@s.whatsapp.net","xp":5555,"level":2},{"jid":"6281260100582@s.whatsapp.net","xp":5536,"level":2},{"jid":"6289685076600@s.whatsapp.net","xp":6053,"level":2},{"jid":"6283176260846@s.whatsapp.net","xp":1010,"level":1},{"jid":"62895375281811@s.whatsapp.net","xp":505,"level":1},{"jid":"62818611171@s.whatsapp.net","xp":2517,"level":1},{"jid":"6287744009006@s.whatsapp.net","xp":1007,"level":1},{"jid":"6281330963822@s.whatsapp.net","xp":1013,"level":1},{"jid":"6287888778815@s.whatsapp.net","xp":502,"level":1},{"jid":"6283852802764@s.whatsapp.net","xp":507,"level":1},{"jid":"6283131427861@s.whatsapp.net","xp":1010,"level":1},{"jid":"6283143449419@s.whatsapp.net","xp":509,"level":1},{"jid":"60133981557@s.whatsapp.net","xp":509,"level":1},{"jid":"6285813661529@s.whatsapp.net","xp":503,"level":1},{"jid":"6283182586472@s.whatsapp.net","xp":508,"level":1},{"jid":"6282387711916@s.whatsapp.net","xp":508,"level":1},{"jid":"60132434665@s.whatsapp.net","xp":4035,"level":1},{"jid":"6289529544372@s.whatsapp.net","xp":12110,"level":2},{"jid":"6285320394578@s.whatsapp.net","xp":106203,"level":5},{"jid":"6285735054693@s.whatsapp.net","xp":213384,"level":6},{"jid":"6282157604628@s.whatsapp.net","xp":2017,"level":1},{"jid":"6283844726787@s.whatsapp.net","xp":5059,"level":2},{"jid":"6281282569596@s.whatsapp.net","xp":2009,"level":1},{"jid":"6282280236265@s.whatsapp.net","xp":2509,"level":1},{"jid":"6282279091132@s.whatsapp.net","xp":2523,"level":1},{"jid":"6283819654409@s.whatsapp.net","xp":11119,"level":2},{"jid":"6285752164908@s.whatsapp.net","xp":3534,"level":1},{"jid":"6283163932511@s.whatsapp.net","xp":5034,"level":2},{"jid":"6283826128120@s.whatsapp.net","xp":510,"level":1},{"jid":"6282121846110@s.whatsapp.net","xp":507,"level":1},{"jid":"6285737134572@s.whatsapp.net","xp":1017,"level":1},{"jid":"6289503740700@s.whatsapp.net","xp":3025,"level":1},{"jid":"62895600735652@s.whatsapp.net","xp":10085,"level":2},{"jid":"6285788555068@s.whatsapp.net","xp":5054,"level":2},{"jid":"6287813107837@s.whatsapp.net","xp":501,"level":1},{"jid":"6281273218243@s.whatsapp.net","xp":509,"level":1},{"jid":"6285216007427@s.whatsapp.net","xp":434366,"level":7},{"jid":"6285277030729@s.whatsapp.net","xp":20685,"level":3},{"jid":"6282230599732@s.whatsapp.net","xp":510,"level":1},{"jid":"6285894191570@s.whatsapp.net","xp":507,"level":1},{"jid":"6285315260786@s.whatsapp.net","xp":4837,"level":1},{"jid":"6282127673022@s.whatsapp.net","xp":2012,"level":1},{"jid":"6289653774938@s.whatsapp.net","xp":509,"level":1},{"jid":"6281315995628@s.whatsapp.net","xp":16279,"level":2},{"jid":"6282360905584@s.whatsapp.net","xp":12106,"level":2},{"jid":"6285867185837@s.whatsapp.net","xp":10727,"level":2},{"jid":"6281269227317@s.whatsapp.net","xp":510,"level":1},{"jid":"628980282228@s.whatsapp.net","xp":35528,"level":4},{"jid":"62895639082345@s.whatsapp.net","xp":1007,"level":1},{"jid":"15173178814@s.whatsapp.net","xp":2018,"level":1}]