[{"id":"628165466368@s.whatsapp.net","limit":3},{"id":"6283844726787@s.whatsapp.net","limit":0},{"id":"628561319757@s.whatsapp.net","limit":0},{"id":"6285320394578@s.whatsapp.net","limit":16},{"id":"6285216007427@s.whatsapp.net","limit":30},{"id":"6285315260786@s.whatsapp.net","limit":1},{"id":"6285735054693@s.whatsapp.net","limit":5},{"id":"6281315995628@s.whatsapp.net","limit":2},{"id":"6285867185837@s.whatsapp.net","limit":2},{"id":"628980282228@s.whatsapp.net","limit":6},{"id":"6285607014889@s.whatsapp.net","limit":0},{"id":"6289509991360@s.whatsapp.net","limit":1}]